clistingid,csku,ilanguageid,curl
0083374f-d914-1004-874c-d371c9ab96c0,PA1164,1,multi-direction-bicycle-bike-mount-holder-for-iphone-3g-3gs-pa1164
0084d8f5-d914-1004-874c-d371c9ab96c0,D882,1,yongnuo-yn-300-led-illumination-dimming-video-light-lamp-slr-camera-dv-camcorder-for-canon-nikon-remote-control-d882
008795a7-d914-1004-874c-d371c9ab96c0,C119,1,rj45-rj11-rj12-cat5-utp-network-lan-usb-cable-tester-c119
008eb902-d914-1004-874c-d371c9ab96c0,PA2053,1,v9-bluetooth-v3-0-edr-smart-watch-1-1-oled-display-screen-for-andriod-4-0-above-ios-smartphone-calorie-pedometer-music-player-calls-vibration-anti-lost-pa2053
0095cb9a-d914-1004-874c-d371c9ab96c0,D1087,1,yongnuo-rf-603c-ii-wireless-remote-flash-trigger-c3-for-canon-5d-1d-50d-d1087
009a99ae-d914-1004-874c-d371c9ab96c0,H9919,1,fitness-bands-hanging-belt-tension-pull-rope-home-exerciser-training-fitness-equipment-resistance-set-h9919
009efd0f-d914-1004-874c-d371c9ab96c0,RM257R,1,mini-3-channel-rc-r-c-remote-control-helicopter-red-rm257r
009dbcda-d914-1004-874c-d371c9ab96c0,D1671,1,photography-video-studio-triple-lighting-kit-with-10ft-12ft-black-white-green-muslins-backdrops-background-support-system-with-case-d1671
00a1fa65-d914-1004-874c-d371c9ab96c0,D1768,1,neopine-npb-02-58mm-aluminum-alloy-uv-cpl-lens-filter-adapter-ring-for-gopro-hero-3-d1768
00ab1e84-d914-1004-874c-d371c9ab96c0,G0036BR,1,women-retro-knitwear-long-sleeves-sequins-cardigan-knitted-sweater-coat-tops-g0036br
00ad9068-d914-1004-874c-d371c9ab96c0,S193,1,baofeng-uv-5r-walkie-talkie-dual-band-136-174-400-480mhz-dtmf-ctcss-dcs-fm-two-way-radio-transceiver-with-earpiece-camouflage-s193
00af0570-d914-1004-874c-d371c9ab96c0,H3118,1,lovely-cartoon-hat-warm-knitted-winter-cap-flower-for-children-kids-h3118
00b03fd9-d914-1004-874c-d371c9ab96c0,P240U,1,s4-dual-sim-dual-standby-triband-cellphone-p240u
00b46857-d914-1004-874c-d371c9ab96c0,H4630,1,roll-on-depilatory-wax-heater-waxing-kit-for-hair-removal-h4630
00b67b27-d914-1004-874c-d371c9ab96c0,K997,1,battery-terminal-link-switch-quick-cut-off-disconnect-car-truck-auto-vehicle-parts-k997
00bb8d3a-d914-1004-874c-d371c9ab96c0,K1028,1,tirol-4-way-port-car-van-cigarette-extension-socket-splitter-lighter-power-adapter-usb2-0-charger-12-24v-150w-k1028
00c11abd-d914-1004-874c-d371c9ab96c0,H11052,1,power-wrist-device-forearm-force-flexor-strength-hand-gripper-training-tool-exerciser-steel-spring-adjustable-h11052
00c47e38-d914-1004-874c-d371c9ab96c0,G0051GR,1,women-s-tops-letters-print-hoodie-long-sweater-thick-warm-coat-pullover-g0051gr
00c5ddc4-d914-1004-874c-d371c9ab96c0,H323,1,stylish-message-led-belt-buckle-white-h323
00c8bc25-d914-1004-874c-d371c9ab96c0,PT402SU,1,mini-n99i-tv-tri-band-dual-sim-card-fm-bluetooth-mobile-cell-phone-pt402su
00cc993f-d914-1004-874c-d371c9ab96c0,PT200,1,d2000-dual-sim-touch-screen-gsm-fm-bluetooth-tv-mobile-cell-phone-pt200-pt200
00ce9441-d914-1004-874c-d371c9ab96c0,D1127,1,37mm-filter-adapter-glass-uv-lens-protective-cap-for-gopro-hero-3-3-d1127
04616157-d914-1004-874c-d371c9ab96c0,H1809,1,5w-300-lumens-q4-cree-led-3-mode-flashlight-sport-torch-lamp-h1809
0468de81-d914-1004-874c-d371c9ab96c0,H11869,1,hyelec-ms6252a-multifunction-digital-anemometer-air-volume-h11869
046d4c7b-d914-1004-874c-d371c9ab96c0,H8267,1,cree-t6-led-500-lumens-flashlight-torch-lamp-5-mode-adjustable-waterproof-h8267
0470d07c-d914-1004-874c-d371c9ab96c0,I3,1,digital-electric-acoustic-guitar-bass-string-tuner-i3
04716cb9-d914-1004-874c-d371c9ab96c0,L0126,1,warsun-h003c-15w-1200lm-cree-xpg-multifunction-led-flashlight-rechargeable-camp-caution-table-light-torch-with-adjustable-strap-usb-cable-l0126
0486b340-d914-1004-874c-d371c9ab96c0,K1743,1,pair-led-under-side-mirror-lamps-for-vw-golf-6-cabriolet-passat-b7-touran-k1743
0488d678-d914-1004-874c-d371c9ab96c0,PT110,1,pesung-tv-s1000-quadband-dual-sim-standby-camera-bluetooth-fm-mobile-cell-phone-pt110
048c0c5c-d914-1004-874c-d371c9ab96c0,H2232,1,sexy-white-women-s-epigamic-lace-trimming-wear-bath-robe-gown-h2232
0ca8cc64-d914-1004-874c-d371c9ab96c0,G0160,1,sexy-women-s-tank-tops-leopard-print-camisole-racerback-vest-strap-sleeveless-g0160
0cb986d4-d914-1004-874c-d371c9ab96c0,D1353,1,yunteng-vct-288-photography-tripod-monopod-fluid-pan-head-unipod-holder-for-canon-nikon-camera-d1353
0d16fc35-d914-1004-874c-d371c9ab96c0,TAZH06,1,usb-2-0-to-9-25-pin-serial-rs232-cable-db9-db25-adapter-tazh06
0d143be9-d914-1004-874c-d371c9ab96c0,H1516,1,christmas-santa-claus-bag-mobile-cell-phone-strap-key-chain-h1516
0cc194ee-d914-1004-874c-d371c9ab96c0,H2099,1,sexy-black-sheer-lace-bra-babydoll-g-string-h2099
d49ebb65-d929-1004-835b-90389054983d,H2820B-L,1,Fashion-Sexy-Women-Swimwear-Boho-Fringe-Tassel-Bandeau-Padded-Beach-Swimsuit-Bathing-Bikini-Set-Black-H2820B-L
d4c5f20e-d929-1004-835b-90389054983d,H6023B,1,New-Colorful-Women-Chiffon-Scarf-Leopard-Polka-Dot-Flag-Tiger-Print-Long-Shawl-Wrap-Pashmina-H6023B
d4d53962-d929-1004-835b-90389054983d,G0229W-XL,1,Women-Autumn-Tshirt-Lace-Turtleneck-Long-Sleeve-Slim-Fit-Under-Top-T-Shirt-White-G0229W-XL
d4dbcb68-d929-1004-835b-90389054983d,G0257B,1,Fashion-Women-Ladies-Tshirt-Zebra-Print-Batwing-Sleeve-Loose-Tops-Tees-T-Shirt-Black-G0257B
d4e39658-d929-1004-835b-90389054983d,G0275RO,1,Korean-Fashion-Women-Cardigan-Pockets-Long-Loose-Knitting-Sweater-Outerwear-Rose-G0275RO
d4e3bd66-d929-1004-835b-90389054983d,G0277B-M,1,Korean-Fashion-Women-Jacket-Coat-Pocket-Vneck-Long-Sleeve-Shrug-Knitwear-Cardigan-Black-G0277B-M
d4e3e478-d929-1004-835b-90389054983d,G0279B-L,1,Fashion-Women-Lace-Suit-34-Sleeve-Blazer-One-Button-Slim-Thin-Coat-Black-G0279B-L
d4e7b697-d929-1004-835b-90389054983d,G0285BL,1,Fashion-Women-Thick-Fleece-Parka-Faux-Fur-Hooded-Outwear-Winter-Coat-Blue-G0285BL
d4f8fa21-d929-1004-835b-90389054983d,V487B,1,Skybox-F5-HD-Full-1080p-Satellite-Receiver-Support-USB-Wifi-Youtube-Youporn-Black-V487B
d4faa895-d929-1004-835b-90389054983d,V515B,1,Syllable-G04-Wired-Stereo-Headset-Noise-Reduction-Cancellation-Headphone-Foldable-for-iPad-iPod-iPhone-MP3-MP4-Mobile-Phone-Black-V515B
d503d374-d929-1004-835b-90389054983d,H9815RO,1,DD-Magic-Comb-Professional-Hair-Stylish-Hairbrush-Tangle-Removing-Rose-H9815RO
d4fb9358-d929-1004-835b-90389054983d,H9673B,1,Vintage-Mens-Canvas-Crossbody-Satchel-Shoulder-Handbag-Casual-School-Book-Bag-Black-H9673B
d4fbba6b-d929-1004-835b-90389054983d,H9675CA,1,Vintage-Mens-Canvas-Crossbody-Shoulder-Satchel-Handbag-Casual-School-Bag-Camel-H9675CA
d5433b1a-d929-1004-835b-90389054983d,V833B,1,Portable-Mini-35mm-Microphone-Karaoke-Player-Audio-Recorder-for-iPhone-Android-Smartphone-PC-V833B
d583b5bd-d929-1004-835b-90389054983d,G0407B-L,1,New-Fashion-Women-Summer-TShirt-Lazer-Cut-Angel-Wings-Short-Sleeve-Crew-Neck-Casual-Tops-Black-G0407B-L
d5c91e19-d929-1004-835b-90389054983d,G4029B-M,1,Fashion-Men-Hoodies-Umbrella-Letter-Print-Long-Sleeves-Pocket-Hooded-Pullover-Sweatshirt-Black-G4029B-M
d635ab8c-d929-1004-835b-90389054983d,G0694B-L,1,New-Autumn-Winter-Women-Down-Coat-Quilted-Candy-Color-Button-Short-Jacket-Overcoat-Black-G0694B-L
d5433b1a-d929-1004-835b-90389054983d,V833B,1,portable-mini-3-5mm-microphone-karaoke-player-audio-recorder-for-iphone-android-smartphone-pc-v833
d4d53962-d929-1004-835b-90389054983d,G0229W-XL,1,women-autumn-t-shirt-lace-turtleneck-long-sleeve-slim-fit-under-top-t-shirt-g0229
c42c0a5d-d92f-1004-8e79-5d7e63ca983b,G0843BE-L,1,Europe-Fashion-Women-Tshirt-Angel-Wings-Print-Long-Sleeve-Casual-Tops-Beige-G0843BE-L
c5b95d98-d92f-1004-8e79-5d7e63ca983b,G0547B-L,1,New-Fashion-Women-Sexy-TShirt-Scoop-Neckline-Shining-Cross-Racerback-Tank-Tops-Black-G0547B-L
c7dc5e69-d92f-1004-8e79-5d7e63ca983b,G0672B-L,1,New-Vogue-Women-Slim-Blazer-Candy-Color-34-Sleeve-One-Button-Lace-Coat-Outerwear-Black-G0672B-L
c82f08e8-d92f-1004-8e79-5d7e63ca983b,P1186B-US,1,HUAWEI-Honor-6-Plus-PEUL00-4G-TDLTE-FDDLTE-Smart-Phone-Hisilicon-Kirin-925-Android-44-Octa-Core-55-IPS-Screen-3GB-RAM-16GB-ROM-8MP-8MP-P1186B-US
c83fd740-d92f-1004-8e79-5d7e63ca983b,PA1472EU,1,Qi-Wireless-Charger-Transmitter-5450mAh-Power-Bank-for-Nokia-Lumia-920820-iPhone-44S-Samsung-Galaxy-S4S3Note-2-Nexus-45-White-EU-Plug-PA1472EU
c8e9e0f0-d92f-1004-8e79-5d7e63ca983b,G0081B1-L,1,Winter-Womens-Fleece-Parka-Warm-Coat-Hoodie-Overcoat-Long-Jacket-Black-Type-2-G0081B1-L
c8ef5058-d92f-1004-8e79-5d7e63ca983b,G0127B,1,Womens-Coat-Rivets-Cardigan-Asymmetric-Hem-G0127B
ca3783e1-d92f-1004-8e79-5d7e63ca983b,G0187B-L,1,New-Casual-Summer-Womens-Dress-Chiffon-Crew-Neck-Sleeveless-Tunic-Sundress-Black-G0187B-L
ca49d9a1-d92f-1004-8e79-5d7e63ca983b,G0222CA-M,1,Fashion-Vintage-Women-Chiffon-Dress-High-Waist-Ruffle-Sleeve-Maxi-Long-Dress-Party-Bohemia-G0222CA-M
ca4432c0-d92f-1004-8e79-5d7e63ca983b,G0209B,1,Sexy-Women-Maxi-Long-Dress-Wooden-Beads-Halter-Sundress-Bohemian-Summer-Beach-Black-G0209B
cb8b07e4-d92f-1004-8e79-5d7e63ca983b,G0741B-L,1,New-Fashion-Women-Vest-Faux-Fur-Hooded-Collar-Sleeveless-Sweet-Coat-Outerwear-G0741B-L
cd563454-d92f-1004-8e79-5d7e63ca983b,G0767B-L,1,Fashion-Women-TShirt-Owl-Pattern-Beading-Stripe-Asymmetric-Hem-Crew-Neck-34-Sleeve-Tops-G0767B-L
993287ed-d941-1004-8d00-f7eee594cf91,G0182,1,fashion-women-ladies-t-shirt-chiffon-leopard-t-shirt-batwing-sleeve-elastic-cuffs-loose-tops-g0182
cb8b07e4-d92f-1004-8e79-5d7e63ca983b,G0741B-L,1,new-fashion-women-vest-faux-fur-hooded-collar-sleeveless-sweet-coat-outerwear-g0741
ca4432c0-d92f-1004-8e79-5d7e63ca983b,G0209B,1,sexy-women-maxi-long-dress-wooden-beads-halter-sundress-bohemian-summer-beach-g0209
114c5756-d946-1004-81b8-4b94b504fa92,S203,1,ipcc-720p-p2p-onvif-wireless-ip-cloud-camera-h-264-ir-cut-night-vision-motion-detection-waterproof-wifi-802-11-b-g-n-s203
f7a3b011-d94d-1004-8ce2-70e36be5c01e,G0278Y-M,1,Fashion-Women-Suit-One-Button-Blazer-Floral-Ruffled-Collar-Thin-Tail-Coat-Yellow-G0278Y-M
f79609ed-d94d-1004-8ce2-70e36be5c01e,G0220B-M,1,New-Fashion-Summer-Womens-Dress-Lace-Hollow-Out-Half-Sleeve-Casual-Party-Black-G0220B-M
f7a3b011-d94d-1004-8ce2-70e36be5c01e,G0278Y-M,1,fashion-women-suit-one-button-blazer-floral-ruffled-collar-thin-tail-coat-yellow-g0278y
9c9d5ecc-d953-1004-8d69-5a85bd8eaccc,L0301,1,60-leds-pir-human-body-motion-light-sensor-solar-powered-panel-security-lamp-floodlight-house-home-garage-yard-pool-pond-shed-l0301
286d2f7c-d954-1004-885c-c392a656c1cb,K2076,1,4-button-replacement-keyless-entry-remote-key-shell-case-button-pad-with-screwdriver-for-nissan-infiniti-k2076
286d2f7c-d954-1004-885c-c392a656c1cb,K2076,2,almohadilla-de-caso-botón-botón-4-repuesto-keyless-de-la-entrada-shell-remoto-clave-con-un-destornillador-para-nissan-infiniti-k2076
286d2f7c-d954-1004-885c-c392a656c1cb,K2076,3,4-кнопка-замена-keyless-entry-дистанционного-ключа-оболочки-случае-кнопку-pad-с-отвертки-для-nissan-infiniti-k2076
d5c91e19-d929-1004-835b-90389054983d,G4029B-M,1,fashion-men-hoodies-umbrella-letter-print-long-sleeves-pocket-hooded-pullover-sweatshirt-g4029
f79609ed-d94d-1004-8ce2-70e36be5c01e,G0220B-M,1,new-fashion-summer-women-s-dress-lace-hollow-out-half-sleeve-casual-party-black-g0220b
c8e9e0f0-d92f-1004-8e79-5d7e63ca983b,G0081B1-L,1,women-s-fleece-parka-warm-coat-overcoat-long-jacket-g0081
d503d374-d929-1004-835b-90389054983d,H9815RO,1,dd-magic-comb-professional-hair-stylish-hairbrush-tangle-removing-h9815
ca3783e1-d92f-1004-8e79-5d7e63ca983b,G0187B-L,1,new-casual-summer-women-s-dress-chiffon-crew-neck-sleeveless-tunic-sundress-g0187
ca49d9a1-d92f-1004-8e79-5d7e63ca983b,G0222CA-M,1,fashion-vintage-women-chiffon-dress-high-waist-ruffle-sleeve-maxi-long-dress-party-g0222
d4fbba6b-d929-1004-835b-90389054983d,H9675CA,1,vintage-men-s-canvas-crossbody-shoulder-satchel-handbag-casual-school-bag-h9675
d49ebb65-d929-1004-835b-90389054983d,H2820B-L,1,fashion-sexy-women-swimwear-boho-fringe-tassel-bandeau-padded-beach-swimsuit-bathing-bikini-set-h2820
d4c5f20e-d929-1004-835b-90389054983d,H6023B,1,new-colorful-women-chiffon-scarf-leopard-polka-dot-flag-tiger-print-long-shawl-wrap-pashmina-h6023
d4faa895-d929-1004-835b-90389054983d,V515B,1,syllable-g04-wired-stereo-headset-noise-reduction-cancellation-headphone-foldable-for-ipad-ipod-iphone-mp3-mp4-mobile-phone-v515
d583b5bd-d929-1004-835b-90389054983d,G0407B-L,1,new-fashion-women-summer-t-shirt-lazer-cut-angel-wings-short-sleeve-crew-neck-casual-tops-g0407
d4fb9358-d929-1004-835b-90389054983d,H9673B,1,vintage-men-s-canvas-crossbody-satchel-shoulder-handbag-casual-school-book-bag-h9673
d4e39658-d929-1004-835b-90389054983d,G0275RO,1,korean-fashion-women-cardigan-pockets-long-loose-knitting-sweater-outerwear-g0275
d4dbcb68-d929-1004-835b-90389054983d,G0257B,1,fashion-women-ladies-t-shirt-zebra-print-batwing-sleeve-loose-tops-tees-t-shirt-g0257
d4e3e478-d929-1004-835b-90389054983d,G0279B-L,1,fashion-women-lace-suit-3-4-sleeve-blazer-one-button-slim-thin-coat-g0279
d4e7b697-d929-1004-835b-90389054983d,G0285BL,1,fashion-women-thick-fleece-parka-faux-fur-hooded-outwear-winter-coat-g0285
d4e3bd66-d929-1004-835b-90389054983d,G0277B-M,1,korean-fashion-women-jacket-coat-pocket-v-neck-long-sleeve-shrug-knitwear-cardigan-g0277
d4f8fa21-d929-1004-835b-90389054983d,V487B,1,skybox-f5-hd-full-1080p-satellite-receiver-support-usb-wifi-youtube-youporn-v487
c7dc5e69-d92f-1004-8e79-5d7e63ca983b,G0672B-L,1,new-vogue-women-slim-blazer-candy-color-3-4-sleeve-one-button-lace-coat-outerwear-g0672
cd563454-d92f-1004-8e79-5d7e63ca983b,G0767B-L,1,fashion-women-t-shirt-owl-pattern-beading-stripe-asymmetric-hem-crew-neck-3-4-sleeve-tops-g0767
c5b95d98-d92f-1004-8e79-5d7e63ca983b,G0547B-L,1,new-fashion-women-sexy-t-shirt-scoop-neckline-shining-cross-racerback-tank-tops-g0547
c82f08e8-d92f-1004-8e79-5d7e63ca983b,P1186B-US,1,huawei-honor-6-plus-pe-ul00-4g-td-lte-fdd-lte-smart-phone-hisilicon-kirin-925-android-4-4-octa-core-5-5-ips-screen-3gb-ram-16gb-rom-8mp-8mp-p1186
c83fd740-d92f-1004-8e79-5d7e63ca983b,PA1472EU,1,qi-wireless-charger-transmitter-5450mah-power-bank-for-nokia-lumia-920-820-iphone-4-4s-samsung-galaxy-s4-s3-note-2-nexus-4-5-white-pa1472
c8ef5058-d92f-1004-8e79-5d7e63ca983b,G0127B,1,fashion-open-front-lady-women-s-coat-rivets-cardigan-asymmetric-hem-tops-slim-g0127
c42c0a5d-d92f-1004-8e79-5d7e63ca983b,G0843BE-L,1,europe-fashion-women-t-shirt-angel-wings-print-long-sleeve-casual-tops-beige-g0843
d635ab8c-d929-1004-835b-90389054983d,G0694B-L,1,new-autumn-winter-women-down-coat-quilted-candy-color-button-short-jacket-overcoat-g0694
93ccd6e8-d984-1004-8136-a12200f6b65b,D2462,1,soocoo-s33ws-pro-wifi-sport-action-camera-1080p-16mp-150-degree-wide-angle-30m-waterproof-dvr-fpv-with-8g-sd-card-battery-usb-cable-helmet-base-bicycle-stand-accessories-d2462
9826c8d4-d984-1004-8136-a12200f6b65b,K2163,1,140°-wide-angle-lens-1080p-hd-20inch-lcd-night-vision-car-dvr-camera-camcorder-driving-recorder-k2163
98fa37c8-d984-1004-8136-a12200f6b65b,K1573BL,1,new-replacement-remote-keyless-key-fob-clicker-case-shell-rubber-pad-housing-k1573bl
9bff89b4-d984-1004-8136-a12200f6b65b,W325-01,1,1pc-makeup-lip-stick-moisturizer-lipgloss-cosmetic-lipstick-lip-gloss-pen-pencil-w325-01
9c66d31c-d984-1004-8136-a12200f6b65b,W326-1,1,magic-threecolor-gradient-nail-polish-set-environmental-health-candy-colors-nontoxic-w326-1
9c66d31c-d984-1004-8136-a12200f6b65b,W326-1,2,magia-esmalte-tricolor-degradado-conjunto-salud-ambiental-dulces-colores-no-tóxico-w326-1
9c66d31c-d984-1004-8136-a12200f6b65b,W326-1,3,магия-трехцветный-градиент-ногтей-набор-нетоксичен-цветов-конфеты-санитарного-состояния-окружающей-среды-w326-1
44e082bc-d986-1004-8e0c-b321d9e0c5c1,D2463,1,soocoo-s33ws-pro-wifi-sport-action-camera-1080p-150-degree-wide-angle-30m-waterproof-16mp-dvr-fpv-with-8g-sd-card-d2463
48133d44-d986-1004-8e0c-b321d9e0c5c1,L0363,1,tangsfire-2pcs-16340-37v-900mah-rechargeable-liion-battery-l0363
484908c0-d986-1004-8e0c-b321d9e0c5c1,L0364,1,tangsfire-2pcs-14500-37v-1200mah-aa-rechargeable-liion-battery-l0364
4865c30c-d986-1004-8e0c-b321d9e0c5c1,L0365,1,tangsfire-2pcs-14500-37v-1000mah-aa-rechargeable-liion-battery-l0365
48847cac-d986-1004-8e0c-b321d9e0c5c1,L0366,1,tangsfire-2pcs-16340-37v-1000mah-rechargeable-liion-battery-l0366
48a459b4-d986-1004-8e0c-b321d9e0c5c1,L0367,1,tangsfire-2pcs-18500-37v-1800mah-rechargeable-liion-battery-l0367
48c53378-d986-1004-8e0c-b321d9e0c5c1,L0368,1,tangsfire-26650-37v-5500mah-rechargeable-liion-battery-l0368
48dd096c-d986-1004-8e0c-b321d9e0c5c1,L0369,1,tangsfire-2pcs-18650-37v-3600mah-rechargeable-liion-battery-with-pcb-protected-board-l0369
48f46a94-d986-1004-8e0c-b321d9e0c5c1,L0370,1,tangsfire-2pcs-26650-37v-6800mah-rechargeable-liion-battery-with-pcb-protected-board-l0370
4910f1b4-d986-1004-8e0c-b321d9e0c5c1,L0371,1,tangsfire-2pcs-18650-37v-2500mah-30a-rechargeable-liion-battery-l0371
492a7620-d986-1004-8e0c-b321d9e0c5c1,L0372,1,tangsfire-2pcs-18500-37v-1800mah-30a-rechargeable-liion-battery-l0372
4946929c-d986-1004-8e0c-b321d9e0c5c1,L0373,1,tangsfire-2pcs-18350-37v-1500mah-30a-rechargeable-liion-battery-l0373
4b5a1374-d986-1004-8e0c-b321d9e0c5c1,I913,1,2pcs-2mm-sax-saxphone-tenor-neck-joint-corks-strips-sheets-i913
47bcfdf8-d986-1004-8e0c-b321d9e0c5c1,Y0600,1,golf-practice-hole-cup-aid-for-practicing-skill-y0600
47bcfdf8-d986-1004-8e0c-b321d9e0c5c1,Y0600,2,golf-práctica-agujero-taza-ayuda-para-practicar-habilidades-y0600
47bcfdf8-d986-1004-8e0c-b321d9e0c5c1,Y0600,3,гольф-практика-отверстие-кубок-помощь-для-отработки-навыков-y0600
4bd488ac-d986-1004-8e0c-b321d9e0c5c1,I915,1,clipon-electric-tuner-guitar-capo-string-winder-polish-cloth-i915
4c643e84-d986-1004-8e0c-b321d9e0c5c1,I918,1,9in1-electric-guitar-amp-accessory-set-kit-with-cleaning-polish-cloth-guitar-strap-string-winder-guitar-strings-35mm-male-to-65mm-female-adapter-pitch-pipe-guitar-picks-plectrum-case-amp-cable-i918
4df6cf8c-d986-1004-8e0c-b321d9e0c5c1,I926,1,leather-ligature-fastener-with-plastic-cap-for-soprano-sax-saxphone-bakelite-mouthpiece-durable-i926
5cfd5e4c-d986-1004-8e0c-b321d9e0c5c1,H14120,1,creative-multipurpose-squeezer-frog-type-extrusion-press-squeeze-device-h14120
5d348700-d986-1004-8e0c-b321d9e0c5c1,H14060,1,3d-molding-sleep-slimming-face-care-skin-lift-mask-silica-gel-thin-belt-oval-face-shape-facelift-mask-h14060
5e72b808-d986-1004-8e0c-b321d9e0c5c1,W385,1,2pcs-beauty-eyebrow-makeup-tool-kit-eyebrow-knife-with-comb-w385
4db25c1c-d986-1004-8e0c-b321d9e0c5c1,I923,1,cleaning-brush-cleaner-pad-saver-for-tenor-sax-saxophone-soft-durable-i923
4f6d6934-d986-1004-8e0c-b321d9e0c5c1,I928,1,leather-ligature-fastener-with-plastic-cap-for-clarinet-bakelite-mouthpiece-durable-i928
55866ac8-d986-1004-8e0c-b321d9e0c5c1,G5002GR100,1,new-fashion-girls-dress-mesh-rose-petal-hem-crew-neck-sleeveless-cute-summer-kids-girls-onepiece-g5002gr100
5cd0e718-d986-1004-8e0c-b321d9e0c5c1,H14112,1,2pcs-tongue-coating-cleaner-tongue-scraper-brush-scrape-tongue-coating-h14112
5d5abc40-d986-1004-8e0c-b321d9e0c5c1,H14117,1,cute-cartoon-soft-head-electronic-thermometer-baby-child-safety-thermometer-h14117
5d83d620-d986-1004-8e0c-b321d9e0c5c1,H14111,1,safety-light-earwax-spoon-luminous-dig-ear-pick-with-plastic-tweezer-h14111
5e21e504-d986-1004-8e0c-b321d9e0c5c1,W606,1,4-in-1-callus-remover-foot-brush-file-pumice-stone-foot-massager-rasp-w606
5e98b378-d986-1004-8e0c-b321d9e0c5c1,W789,1,mini-folding-perm-eyelash-curler-electric-eyelash-curler-makeup-tool-w789
5dd0c318-d986-1004-8e0c-b321d9e0c5c1,W490,1,battery-powered-men-trimmer-shaver-hair-remover-with-led-light-for-micro-touch-w490
5e503224-d986-1004-8e0c-b321d9e0c5c1,W779,1,acne-needle-stainless-antibacterial-comedone-blemish-extractor-needle-facial-beauty-tool-pimple-blackhead-remover-w779
5ed50f08-d986-1004-8e0c-b321d9e0c5c1,W381,1,stainless-steel-eyebrow-clip-eyebrow-tweezer-eyelashes-clip-beauty-tool-w381
5f3ad2fc-d986-1004-8e0c-b321d9e0c5c1,W460,1,mn-makeup-mascara-volume-express-false-eyelashes-make-up-waterproof-cosmetics-eyes-w460
5f3ad2fc-d986-1004-8e0c-b321d9e0c5c1,W460,2,mn-maquillaje-rimel-volumen-express-falsas-pestañas-componen-impermeable-cosméticos-ojos-w460
5f3ad2fc-d986-1004-8e0c-b321d9e0c5c1,W460,3,мн-макияжа-тушь-объем-экспресс-накладные-ресницы-составляют-водостойкой-косметики-глаза-w460
986d600e-d941-1004-8d00-f7eee594cf91,I177,1,mini-lcd-clip-on-digital-tuner-for-guitar-chromatic-bass-violin-ukulele-red-i177
00654ea8-d914-1004-874c-d371c9ab96c0,RM213,1,5pcs-2-0mm-rc-aluminum-bullet-propeller-adapter-holder-for-brushless-motor-prop-rm213
006497db-d914-1004-874c-d371c9ab96c0,I260,1,eno-guitar-tuner-pedal-true-bypass-blue-universal-compact-professional-i260
00657560-d914-1004-874c-d371c9ab96c0,H8814B,1,aluminum-alloy-zoom-adjustable-cree-t6-led-flashlight-torch-lamp-3-mode-1000lm-black-h8814b
006b6cac-d914-1004-874c-d371c9ab96c0,H8483,1,creet6-led-flashlight-aluminium-torch-500-lumens-5-mode-waterproof-h8483
006d904f-d914-1004-874c-d371c9ab96c0,L0001,1,mini-cree-q5-led-flashlight-800lm-light-torch-rechargeable-adjustable-focus-3-modes-with-charge-interface-pen-clip-bottom-magnet-l0001
00703478-d914-1004-874c-d371c9ab96c0,I455,1,golden-kazoo-aluminum-alloy-metal-with-5pcs-flute-diaphragm-gift-for-kids-music-lovers-i455
00703484-d914-1004-874c-d371c9ab96c0,I282,1,eno-et-03-original-mini-clip-on-electronic-guitar-tuner-stroboscope-chromatic-bass-violin-ukulele-universal-i282
0073dd3d-d914-1004-874c-d371c9ab96c0,I9,1,universal-general-guitar-acoustic-clip-line-pickup-pick-up-i9

