clistingid,ilanguageid,csku,ctitle
5d5abc40-d986-1004-8e0c-b321d9e0c5c1,1,H14117,CuteCartoonSoftHeadElectronicThermometerBabyChildSafetyThermometer
008795a7-d914-1004-874c-d371c9ab96c0,1,C119,RJ45RJ11RJ12CAT5UTPNETWORKLANUSBCABLETESTER
008795a7-d914-1004-874c-d371c9ab96c0,2,C119,ProbadordeCabledered
008795a7-d914-1004-874c-d371c9ab96c0,3,C119,КабельныйтестерлокальнойсетиRJ45RJ11RJ12UTP
114c5756-d946-1004-81b8-4b94b504fa92,1,S203,IPCC720PP2PONVIFWirelessIPCloudCameraH.264IR-CutNightVisionMotionDetectionWaterproofWifi802.11b/g/n
5e503224-d986-1004-8e0c-b321d9e0c5c1,1,W779,AcneNeedleStainlessAntibacterialComedoneBlemishExtractorNeedleFacialBeautyToolPimpleBlackheadRemover
ca4432c0-d92f-1004-8e79-5d7e63ca983b,1,G0209B,SexyWomenMaxiLongDressWoodenBeadsHalterSundressBohemianSummerBeachBlack
c5b95d98-d92f-1004-8e79-5d7e63ca983b,1,G0547B-L,NewFashionWomenSexyT-ShirtScoopNecklineShiningCrossRacerbackTankTopsBlack
cb8b07e4-d92f-1004-8e79-5d7e63ca983b,1,G0741B-L,NewFashionWomenVestFauxFurHoodedCollarSleevelessSweetCoatOuterwear
5e72b808-d986-1004-8e0c-b321d9e0c5c1,1,W385,2PcsBeautyEyebrowMakeupToolKitEyebrowKnifewithComb
c42c0a5d-d92f-1004-8e79-5d7e63ca983b,1,G0843BE-L,EuropeFashionWomenT-shirtAngelWingsPrintLongSleeveCasualTopsBeige
c42c0a5d-d92f-1004-8e79-5d7e63ca983b,2,G0843BE-L,EuropamodamujerescamisetaalasdeÁngelimpresiónBeigeCasualTopsMangalarga
c42c0a5d-d92f-1004-8e79-5d7e63ca983b,3,G0843BE-L,ЕвропамодыженщинФутболкакрыльяангелапечатьфутболкисдлиннымрукавомПовседневныетопыбежевый
00654ea8-d914-1004-874c-d371c9ab96c0,1,RM213,5pcs2.0mmRCAluminumBulletPropellerAdapterHolderforBrushlessMotorProp
00654ea8-d914-1004-874c-d371c9ab96c0,2,RM213,Adaptadordehélice2,0mm
00654ea8-d914-1004-874c-d371c9ab96c0,3,RM213,Адаптерпропеллера2,0мм
048c0c5c-d914-1004-874c-d371c9ab96c0,1,H2232,SexyWhiteWomen'sEpigamicLaceTrimmingWearBathRobeGown
4f6d6934-d986-1004-8e0c-b321d9e0c5c1,1,I928,LeatherLigatureFastenerwithPlasticCapforClarinetBakeliteMouthpieceDurable
c83fd740-d92f-1004-8e79-5d7e63ca983b,1,PA1472EU,QiWirelessChargerTransmitter5450mAhPowerBankforNokiaLumia920/820iPhone4/4SSamsungGalaxyS4/S3/Note2Nexus4/5WhiteEUPlug
04716cb9-d914-1004-874c-d371c9ab96c0,1,L0126,WarsunH003C15W1200LMCREEXPGMultifunctionLEDFlashlightRechargeableCampCautionTableLightTorchwithAdjustableStrapUSBCable
04716cb9-d914-1004-874c-d371c9ab96c0,2,L0126,
04716cb9-d914-1004-874c-d371c9ab96c0,3,L0126,
00cc993f-d914-1004-874c-d371c9ab96c0,1,PT200,D2000+DualSimTouchScreenGSMFMBluetoothTVMobileCellPhonePT200
47bcfdf8-d986-1004-8e0c-b321d9e0c5c1,1,Y0600,GolfPracticeHoleCupAidforPracticingSkill
47bcfdf8-d986-1004-8e0c-b321d9e0c5c1,2,Y0600,Golfprácticaagujerotazaayudaparapracticarhabilidades
47bcfdf8-d986-1004-8e0c-b321d9e0c5c1,3,Y0600,ГольфпрактикаотверстиеКубокпомощьдляотработкинавыков
d4fb9358-d929-1004-835b-90389054983d,1,H9673B,VintageMen'sCanvasCrossbodySatchelShoulderHandbagCasualSchoolBookBagBlack
c8e9e0f0-d92f-1004-8e79-5d7e63ca983b,1,G0081B1-L,WinterWomen'sFleeceParkaWarmCoatHoodieOvercoatLongJacketBlack(Type2)
c8e9e0f0-d92f-1004-8e79-5d7e63ca983b,2,G0081B1-L,
c8e9e0f0-d92f-1004-8e79-5d7e63ca983b,3,G0081B1-L,
046d4c7b-d914-1004-874c-d371c9ab96c0,1,H8267,CREET6Led500LumensFlashlightTorchLamp5-ModeAdjustableWaterproof
0d143be9-d914-1004-874c-d371c9ab96c0,1,H1516,ChristmasSantaClausbagmobilecellphonestrapkeychain
d503d374-d929-1004-835b-90389054983d,1,H9815RO,DDMagicCombProfessionalHairStylishHairbrushTangleRemovingRose
d4d53962-d929-1004-835b-90389054983d,1,G0229W-XL,WomenAutumnT-shirtLaceTurtleneckLongSleeveSlimFitUnderTopTShirtWhite
0470d07c-d914-1004-874c-d371c9ab96c0,1,I3,DigitalElectricAcousticGuitarBassStringTuner
44e082bc-d986-1004-8e0c-b321d9e0c5c1,1,D2463,SOOCOOS33WSProWiFiSportActionCamera1080P150DegreeWideAngle30MWaterproof16MpDVRFPVwith8GSDCard
00b67b27-d914-1004-874c-d371c9ab96c0,1,K997,BatteryTerminalLinkSwitchQuickCut-offDisconnectCarTruckAutoVehicleParts
00b67b27-d914-1004-874c-d371c9ab96c0,2,K997,
00b67b27-d914-1004-874c-d371c9ab96c0,3,K997,КонцевойВыключательбатареиБыстроеОтсечениепитаниядляАвтомобиляГрузовика
f7a3b011-d94d-1004-8ce2-70e36be5c01e,1,G0278Y-M,FashionWomenSuitOneButtonBlazerFloralRuffledCollarThinTailCoatYellow
0ca8cc64-d914-1004-874c-d371c9ab96c0,1,G0160,SexyWomen'sTankTopsLeopardPrintCamisoleRacerbackVestStrapSleeveless
009efd0f-d914-1004-874c-d371c9ab96c0,1,RM257R,Mini3ChannelRCR/CRemoteControlHelicopterRed
48f46a94-d986-1004-8e0c-b321d9e0c5c1,1,L0370,TangsFire2pcs266503.7V6800mAhRechargeableLi-ionBatterywithPCBProtectedBoard
48c53378-d986-1004-8e0c-b321d9e0c5c1,1,L0368,TangsFire266503.7V5500mAhRechargeableLi-ionBattery
4865c30c-d986-1004-8e0c-b321d9e0c5c1,1,L0365,TangsFire2pcs145003.7V1000mAhAARechargeableLi-ionBattery
4df6cf8c-d986-1004-8e0c-b321d9e0c5c1,1,I926,LeatherLigatureFastenerwithPlasticCapforSopranoSaxSaxphoneBakeliteMouthpieceDurable
d4fbba6b-d929-1004-835b-90389054983d,1,H9675CA,VintageMen'sCanvasCrossbodyShoulderSatchelHandbagCasualSchoolBagCamel
5d348700-d986-1004-8e0c-b321d9e0c5c1,1,H14060,3DMoldingSleepSlimmingFaceCareSkinLiftMaskSilicaGelThinBeltOvalFaceShapeFace-LiftMask
c7dc5e69-d92f-1004-8e79-5d7e63ca983b,1,G0672B-L,NewVogueWomenSlimBlazerCandyColor3/4SleeveOneButtonLaceCoatOuterwearBlack
d5433b1a-d929-1004-835b-90389054983d,1,V833B,PortableMini3.5mmMicrophoneKaraokePlayerAudioRecorderforiPhoneAndroidSmartphonePC
d5433b1a-d929-1004-835b-90389054983d,2,V833B,
d5433b1a-d929-1004-835b-90389054983d,3,V833B,Портативныймини3.5mmМикрофонKaraokeПлеерМагнитофондляiPhoneAndroidсмартфоновPC
4db25c1c-d986-1004-8e0c-b321d9e0c5c1,1,I923,CleaningBrushCleanerPadSaverforTenorSaxSaxophoneSoftDurable
d635ab8c-d929-1004-835b-90389054983d,1,G0694B-L,NewAutumnWinterWomenDownCoatQuiltedCandyColorButtonShortJacketOvercoatBlack
4b5a1374-d986-1004-8e0c-b321d9e0c5c1,1,I913,2pcs2mmSaxSaxphoneTenorNeckJointCorksStripsSheets
00703484-d914-1004-874c-d371c9ab96c0,1,I282,ENOET-03OriginalMiniClip-onElectronicGuitarTunerStroboscopeChromaticBassViolinUkuleleUniversal
00b46857-d914-1004-874c-d371c9ab96c0,1,H4630,RollOnDepilatoryWaxHeaterWaxingKitforHairRemoval
0083374f-d914-1004-874c-d371c9ab96c0,1,PA1164,Multi-DirectionBicycleBikeMountHolderforiPhone3G/3GS
5ed50f08-d986-1004-8e0c-b321d9e0c5c1,1,W381,StainlessSteelEyebrowClipEyebrowTweezerEyelashesClipBeautyTool
9c66d31c-d984-1004-8136-a12200f6b65b,1,W326-1,MagicThree-colorGradientNailPolishSetEnvironmentalHealthCandyColorsNontoxic
9c66d31c-d984-1004-8136-a12200f6b65b,2,W326-1,Magiaesmaltetricolordegradadoconjuntosaludambientaldulcescoloresnotóxico
9c66d31c-d984-1004-8136-a12200f6b65b,3,W326-1,Магиятрехцветныйградиентногтейнаборнетоксиченцветовконфетысанитарногосостоянияокружающейсреды
009dbcda-d914-1004-874c-d371c9ab96c0,1,D1671,Photography/VideoStudioTripleLightingKitwith10ft*12ftBlackWhiteGreenMuslinsBackdropsBackgroundSupportSystemwithCase
009dbcda-d914-1004-874c-d371c9ab96c0,2,D1671,KitparaEstudiodeFotografía/VídeoIluminaciónTripleContinuo----Incluye---Kitde10ft*12ftFondodetelónNegro&Blanco&Verdeconsoporte+Bombillas+Paraguas+Bolsas+Otras
009dbcda-d914-1004-874c-d371c9ab96c0,3,D1671,Фотография/ВидиоСтудияТрехместныеосвещенияКомплектс10ft*12ftчерныйбелыйзеленыйМуслинзадниковСистемаподдержкисслучаем
0095cb9a-d914-1004-874c-d371c9ab96c0,1,D1087,YongnuoRF-603CIIWirelessRemoteFlashTriggerC3forCanon5D1D50D
0095cb9a-d914-1004-874c-d371c9ab96c0,2,D1087,YongnuoRF-603CIIdeflashinalámbricoremotodisparadorC3paraCanon5D1D50D
0095cb9a-d914-1004-874c-d371c9ab96c0,3,D1087,
00c5ddc4-d914-1004-874c-d371c9ab96c0,1,H323,StylishMessageLedBeltBuckle-White
4bd488ac-d986-1004-8e0c-b321d9e0c5c1,1,I915,Clip-onElectricTunerGuitarCapoStringWinderPolishCloth
0488d678-d914-1004-874c-d371c9ab96c0,1,PT110,PESUNGTVS1000QuadbandDualSIMStandbyCameraBluetoothFMMobileCellPhone
0cb986d4-d914-1004-874c-d371c9ab96c0,1,D1353,YuntengVCT-288PhotographyTripodMonopod&FluidPanHead&UnipodHolderforCanonNikonCamera
0cb986d4-d914-1004-874c-d371c9ab96c0,2,D1353,YuntengVCT-288TrípodeyMonopod&CabezaconNiveladoFluidos&SportedeUnipodparaCanonNikonCamera
0cb986d4-d914-1004-874c-d371c9ab96c0,3,D1353,
cd563454-d92f-1004-8e79-5d7e63ca983b,1,G0767B-L,FashionWomenT-ShirtOwlPatternBeadingStripeAsymmetricHemCrewNeck3/4SleeveTops
9826c8d4-d984-1004-8136-a12200f6b65b,1,K2163,140°WideAngleLens1080PHD2.0inchLCDNightVisionCarDVRCameraCamcorderDrivingRecorder
55866ac8-d986-1004-8e0c-b321d9e0c5c1,1,G5002GR100,NewFashionGirlsDressMeshRosePetalHemCrewNeckSleevelessCuteSummerKidsGirlsOne-piece
5e21e504-d986-1004-8e0c-b321d9e0c5c1,1,W606,4in1CallusRemoverFootBrushFilePumiceStoneFootMassagerRasp
48a459b4-d986-1004-8e0c-b321d9e0c5c1,1,L0367,TangsFire2pcs185003.7V1800mAhRechargeableLi-ionBattery
d4e7b697-d929-1004-835b-90389054983d,1,G0285BL,FashionWomenThickFleeceParkaFauxFurHoodedOutwearWinterCoatBlue
00c8bc25-d914-1004-874c-d371c9ab96c0,1,PT402SU,MiniN99iTVTri-bandDualSIMCardFMBluetoothMobileCellPhone
993287ed-d941-1004-8d00-f7eee594cf91,1,G0182,FashionWomenLadiesT-ShirtChiffonLeopardTShirtBatwingSleeveElasticCuffsLooseTops
4c643e84-d986-1004-8e0c-b321d9e0c5c1,1,I918,9-in-1ElectricGuitarAmpAccessorySetKitwithCleaningPolishClothGuitarStrapStringWinderGuitarStrings3.5mmMaleto6.5mmFemaleAdapterPitchPipeGuitarPicksPlectrumCaseAmpCable
5cd0e718-d986-1004-8e0c-b321d9e0c5c1,1,H14112,2PcsTongueCoatingCleanerTongueScraperBrushScrapeTongueCoating
4946929c-d986-1004-8e0c-b321d9e0c5c1,1,L0373,TangsFire2pcs183503.7V1500mAh30ARechargeableLi-ionBattery
006497db-d914-1004-874c-d371c9ab96c0,1,I260,ENOGuitarTunerPedalTrueBypassBlueUniversalCompactProfessional
d5c91e19-d929-1004-835b-90389054983d,1,G4029B-M,FashionMenHoodiesUmbrellaLetterPrintLongSleevesPocketHoodedPulloverSweatshirtBlack
00c11abd-d914-1004-874c-d371c9ab96c0,1,H11052,PowerWristDeviceForearmForceFlexorStrengthHandGripperTrainingToolExerciserSteelSpringAdjustable
0073dd3d-d914-1004-874c-d371c9ab96c0,1,I9,UniversalGeneralGuitarAcousticClip-linePickupPickup
0d16fc35-d914-1004-874c-d371c9ab96c0,1,TAZH06,USB2.0to9/25pinSerialRS232CableDB9/DB25Adapter
0d16fc35-d914-1004-874c-d371c9ab96c0,2,TAZH06,CablePuertoSerie.USB2.0a9/25PinesSerieRS232.CabledeAdaptador/ConvertidorDB9/DB25
0d16fc35-d914-1004-874c-d371c9ab96c0,3,TAZH06,USB2.0&1.1дляRS232последовательныйкабель
5cfd5e4c-d986-1004-8e0c-b321d9e0c5c1,1,H14120,CreativeMulti-PurposeSqueezerFrogTypeExtrusionPressSqueezeDevice
5f3ad2fc-d986-1004-8e0c-b321d9e0c5c1,1,W460,M.nMakeupMascaraVolumeExpressFalseEyelashesMakeupWaterproofCosmeticsEyes
5f3ad2fc-d986-1004-8e0c-b321d9e0c5c1,2,W460,M.nmaquillajerimelvolumenExpressfalsaspestañascomponenimpermeablecosméticosojos
5f3ad2fc-d986-1004-8e0c-b321d9e0c5c1,3,W460,М.нмакияжатушьобъемЭкспресснакладныересницысоставляютводостойкойкосметикиглаза
d4f8fa21-d929-1004-835b-90389054983d,1,V487B,SkyboxF5HDFull1080pSatelliteReceiverSupportUSBWifiYoutubeYoupornBlack
ca3783e1-d92f-1004-8e79-5d7e63ca983b,1,G0187B-L,NewCasualSummerWomen'sDressChiffonCrewNeckSleevelessTunicSundressBlack
f79609ed-d94d-1004-8ce2-70e36be5c01e,1,G0220B-M,NewFashionSummerWomen'sDressLaceHollowOutHalfSleeveCasualPartyBlack
0468de81-d914-1004-874c-d371c9ab96c0,1,H11869,HYELECMS6252AMultifunctionDigitalAnemometer/AirVolume
0468de81-d914-1004-874c-d371c9ab96c0,2,H11869,AnemómetrodigitalmultifuncionalVolumendeAire
0468de81-d914-1004-874c-d371c9ab96c0,3,H11869,HYELECMS6252AМногофункциональныйцифровойанемометр/ИзмерительОбъемвоздуха
00ad9068-d914-1004-874c-d371c9ab96c0,1,S193,BAOFENGUV-5RWalkieTalkieDual-Band136-174/400-480MHzDTMFCTCSSDCSFMTwo-wayRadioTransceiverwithEarpieceCamouflage
00bb8d3a-d914-1004-874c-d371c9ab96c0,1,K1028,Tirol4-way/portCarVanCigaretteExtensionSocketSplitterLighterPowerAdapterUSB2.0Charger12-24V150W
00bb8d3a-d914-1004-874c-d371c9ab96c0,2,K1028,Encendedordecigarrillosdelcocheextensióndeldivisordelzócalodelalumbrador150W12-24V
00bb8d3a-d914-1004-874c-d371c9ab96c0,3,K1028,
0486b340-d914-1004-874c-d371c9ab96c0,1,K1743,Pair LED Under Side Mirror Lamps for VW Golf 6 Cabriolet Passat (B7) Touran
0486b340-d914-1004-874c-d371c9ab96c0,2,K1743,
0486b340-d914-1004-874c-d371c9ab96c0,3,K1743,ПараLEDЛампочокназеркалезаднеговидаVWGolf6CabrioletPassat(B7)Touran
48dd096c-d986-1004-8e0c-b321d9e0c5c1,1,L0369,TangsFire2pcs186503.7V3600mAhRechargeableLi-ionBatterywithPCBProtectedBoard
c82f08e8-d92f-1004-8e79-5d7e63ca983b,1,P1186B-US,HUAWEIHonor6PlusPE-UL004GTD-LTEFDD-LTESmartPhoneHisiliconKirin925Android4.4OctaCore5.5"IPSScreen3GBRAM16GBROM8MP8MP
d4dbcb68-d929-1004-835b-90389054983d,1,G0257B,FashionWomenLadiesT-shirtZebraPrintBatwingSleeveLooseTopsTeesTShirtBlack
d583b5bd-d929-1004-835b-90389054983d,1,G0407B-L,NewFashionWomenSummerT-ShirtLazerCutAngelWingsShortSleeveCrewNeckCasualTopsBlack
006b6cac-d914-1004-874c-d371c9ab96c0,1,H8483,CREET6LEDFlashlightAluminiumTorch500Lumens5-ModeWaterproof
00b03fd9-d914-1004-874c-d371c9ab96c0,1,P240U,S4+DualSIMDualStandbyTribandCellphone
286d2f7c-d954-1004-885c-c392a656c1cb,1,K2076,4ButtonReplacementKeylessEntryRemoteKeyShellCaseButtonPadwithScrewdriverforNissanInfiniti
286d2f7c-d954-1004-885c-c392a656c1cb,2,K2076,Almohadilladecasobotónbotón4repuestoKeylessdelaentradaShellremotoclaveconundestornilladorparaNissanInfiniti
286d2f7c-d954-1004-885c-c392a656c1cb,3,K2076,4КнопказаменаKeylessEntryдистанционногоключаоболочкислучаекнопкуPadсотверткидляNissanInfiniti
c8ef5058-d92f-1004-8e79-5d7e63ca983b,1,G0127B,Women'sCoatRivetsCardiganAsymmetricHem
48847cac-d986-1004-8e0c-b321d9e0c5c1,1,L0366,TangsFire2pcs163403.7V1000mAhRechargeableLi-ionBattery
00ab1e84-d914-1004-874c-d371c9ab96c0,1,G0036BR,WomenRetroKnitwearLongSleevesSequinsCardiganknittedSweaterCoatTops
006d904f-d914-1004-874c-d371c9ab96c0,1,L0001,MiniCREEQ5LEDFlashlight800LMLightTorchRechargeableAdjustableFocus3ModeswithChargeInterfacePenClipBottomMagnet
492a7620-d986-1004-8e0c-b321d9e0c5c1,1,L0372,TangsFire2pcs185003.7V1800mAh30ARechargeableLi-ionBattery
d4e39658-d929-1004-835b-90389054983d,1,G0275RO,KoreanFashionWomenCardiganPocketsLongLooseKnittingSweaterOuterwearRose
009a99ae-d914-1004-874c-d371c9ab96c0,1,H9919,FitnessBandsHangingBeltTensionPullRopeHomeExerciserTrainingFitnessEquipmentResistanceSet
009a99ae-d914-1004-874c-d371c9ab96c0,2,H9919,
009a99ae-d914-1004-874c-d371c9ab96c0,3,H9919,
d4e3bd66-d929-1004-835b-90389054983d,1,G0277B-M,KoreanFashionWomenJacketCoatPocketV-neckLongSleeveShrugKnitwearCardiganBlack
48133d44-d986-1004-8e0c-b321d9e0c5c1,1,L0363,TangsFire2pcs163403.7V900mAhRechargeableLi-ionBattery
0084d8f5-d914-1004-874c-d371c9ab96c0,1,D882,YongnuoYN-300LEDIlluminationDimmingVideoLightLampSLRCameraDVCamcorderforCanonNikon+RemoteControl
0084d8f5-d914-1004-874c-d371c9ab96c0,2,D882,YongnuoYN-300IluminaciónLEDdeDimmingLámparaligeradelvideoparaSLRcámaraDVparaCanonNikon+ControlRemoto
0084d8f5-d914-1004-874c-d371c9ab96c0,3,D882,YongNuoYN-300LEDосвещения,яркостивидеосветалампыЗеркальныекамерыDVвидеокамераCanonNikon+пультдистанционногоуправления
008eb902-d914-1004-874c-d371c9ab96c0,1,PA2053,V9BluetoothV3.0+EDRSmartWatch1.1"OLEDDisplayScreenforAndriod4.0AboveIOSSmartphoneCaloriePedometerMusicPlayerCallsVibrationAntiLost
008eb902-d914-1004-874c-d371c9ab96c0,2,PA2053,
00657560-d914-1004-874c-d371c9ab96c0,1,H8814B,AluminumAlloyZoomAdjustableCREET6LEDFlashlightTorchLamp3Mode1000LMBlack
00ce9441-d914-1004-874c-d371c9ab96c0,1,D1127,37mmFilterAdapter+GlassUVLens+ProtectiveCapforGoproHero33+
d4c5f20e-d929-1004-835b-90389054983d,1,H6023B,NewColorfulWomenChiffonScarfLeopardPolkaDotFlagTigerPrintLongShawlWrapPashmina
d49ebb65-d929-1004-835b-90389054983d,1,H2820B-L,FashionSexyWomenSwimwearBohoFringeTasselBandeauPaddedBeachSwimsuitBathingBikiniSetBlack
00af0570-d914-1004-874c-d371c9ab96c0,1,H3118,LovelyCartoonHatWarmKnittedWinterCapFlowerforChildrenKids
5dd0c318-d986-1004-8e0c-b321d9e0c5c1,1,W490,BatteryPoweredMenTrimmerShaverHairRemoverwithLEDLightforMicroTouch
00c47e38-d914-1004-874c-d371c9ab96c0,1,G0051GR,Women'sTopsLettersPrintHoodieLongSweaterThickWarmCoatPullover
93ccd6e8-d984-1004-8136-a12200f6b65b,1,D2462,SOOCOOS33WSProWiFiSportActionCamera1080P16MP150DegreeWideAngle30MWaterproofDVRFPVwith8GSDCardBattery&USBCableHelmetBaseBicycleStandAccessories
4910f1b4-d986-1004-8e0c-b321d9e0c5c1,1,L0371,TangsFire2pcs186503.7V2500mAh30ARechargeableLi-ionBattery
484908c0-d986-1004-8e0c-b321d9e0c5c1,1,L0364,TangsFire2pcs145003.7V1200mAhAARechargeableLi-ionBattery
04616157-d914-1004-874c-d371c9ab96c0,1,H1809,5W300LumensQ4CREELED3ModeFlashlightSportTorchLamp
00703478-d914-1004-874c-d371c9ab96c0,1,I455,GoldenKazooAluminumAlloyMetalwith5pcsFluteDiaphragmGiftforKidsMusicLovers
00703478-d914-1004-874c-d371c9ab96c0,2,I455,SilbatodoradoaluminioaleaciónMetalcon5pcsflautadiafragmaregaloparalosniñosamantesdelamúsica
98fa37c8-d984-1004-8136-a12200f6b65b,1,K1573BL,NewReplacementRemoteKeylessKeyFobClickerCaseShellRubberPadHousing
0cc194ee-d914-1004-874c-d371c9ab96c0,1,H2099,SexyBlackSheerLaceBraBabydoll+G-String
9c9d5ecc-d953-1004-8d69-5a85bd8eaccc,1,L0301,60LEDsPIRHumanBodyMotion&LightSensorSolarPoweredPanelSecurityLampFloodlightHouseHomeGarageYardPoolPondShed
9c9d5ecc-d953-1004-8d69-5a85bd8eaccc,2,L0301,
9c9d5ecc-d953-1004-8d69-5a85bd8eaccc,3,L0301,
986d600e-d941-1004-8d00-f7eee594cf91,1,I177,MiniLCDClip-onDigitalTunerforGuitarChromaticBassViolinUkuleleRed
00a1fa65-d914-1004-874c-d371c9ab96c0,1,D1768,NEOpineNPB-0258mmAluminumAlloyUVCPLLensFilterAdapterRingforGoProHero3
00a1fa65-d914-1004-874c-d371c9ab96c0,2,D1768,NEOpineNPB-0258mmAnillodeadaptadordeFiltrodeUVCPLlentedealeacióndealuminioparaGoProhéroe3
9bff89b4-d984-1004-8136-a12200f6b65b,1,W325-01,1PcMakeupLipStickMoisturizerLipglossCosmeticLipstickLipGlossPenPencil
d4faa895-d929-1004-835b-90389054983d,1,V515B,SyllableG04WiredStereoHeadsetNoiseReductionCancellationHeadphoneFoldableforiPadiPodiPhoneMP3MP4MobilePhoneBlack
5d83d620-d986-1004-8e0c-b321d9e0c5c1,1,H14111,SafetyLightEarwaxSpoonLuminousDigEarPickWithPlasticTweezer
d4e3e478-d929-1004-835b-90389054983d,1,G0279B-L,FashionWomenLaceSuit3/4SleeveBlazerOneButtonSlimThinCoatBlack
5e98b378-d986-1004-8e0c-b321d9e0c5c1,1,W789,MiniFoldingPermEyelashCurlerElectricEyelashCurlerMakeupTool
ca49d9a1-d92f-1004-8e79-5d7e63ca983b,1,G0222CA-M,FashionVintageWomenChiffonDressHighWaistRuffleSleeveMaxiLongDressPartyBohemia