imenuid, ilanguageid, cmenuname
"1","1","Popular Questions"
"2","1","Shopping"
"3","1","Ordering"
"4","1","Partnership Programs"
"5","1","Shipping"
"6","1","Warranty & Support"
"7","1","Customer Service"
"8","1","Contact Us"
"9","1","Points And Coupons"
"10","1","Shopping FAQ"
"11","1","New User Guide"
"12","1","Ordering FAQ"
"13","1","Warehouses"
"14","1","How To Pay"
"15","1","Tax & Customs Duties"
"16","1","Payment & price & Discount"
"17","1","TOMTOP Review"
"18","1","Affiliate Program"
"19","1","Wholesale Program"
"20","1","Drop ship Program"
"21","1","Dropship FAQ"
"22","1","VIP Benefits"
"23","1","Shipping FAQ"
"24","1","Shipping Methods"
"25","1","Unshipped Orders"
"26","1","Shipped Orders"
"27","1","Shipping & Delivery"
"28","1","Support FAQ"
"29","1","Product Warranty Support"
"30","1","My Account"
"31","1","TOMTOP Guarantees"
"32","1","About TOMTOP"
"33","1","Terms & Conditions"
"34","1","Pre-Sale"
"35","1","After-Sale"
"36","1","Live Chat"
"37","1","Phone Service"
"38","1","Company Info"
"39","1","Payment & Shipping"
"40","1","Policies & Service"
"41","1","Partner Program"
"42","1","About US"
"43","1","Payment Guide"
"44","1","Shipping Guide"
"45","1","Estimated Delivery Time"
"46","1","Locations We Ship To"
"47","1","Privacy Policy"
"48","1","Terms of Use"
"49","1","Help for Order"
"50","1","Return Policy"
"51","1","Affiliate Program"
"52","1","Wholesale"
"53","1","Dropshipping"
"54","1","See All"
"55","1","Report Site Bugs"
"56","1","TOMTOP Points"
"57","1","Site Map"
